{
	"frame_version": 1,
	"dial_version": 1,
	"name": "Act06_1201_03",
	"preview": "preview_0565.bmp",
	"dial_type": 6,
	"resolution_ratio": "466x466",
	"platform": "ats3085c",
	"size": 134,
	"describe_name":"Pink",
	"enable_pic_compress": 0,
	"app_preview": "app_preview.png",
	"item": [
		{
			"widget": "icon",
			"type": "background",
			"serial_number" : 30,
			"x": 0,
			"y": 0,
			"w": 466,
			"h": 466,
			"picture": "background_8888.png",
			"color":"#FF9F18",
			"display_opa":"100"
		},
		{
			"widget": "text",
			"type": "hour",
			"x": 193,
			"y": 137,
			"w": 224,
			"h": 136,
			"fontnum": 10,
			"font": "Hour",
			"enable_font": 0,
			"min_numwidth": 2,
			"align": "center"
		},
		{
			"widget": "text",
			"type": "min",
			"serial_number": 5,
			"x": 153,
			"y": 289,
			"w": 224,
			"h": 136,
			"fontnum": 10,
			"font": "Min",
			"enable_font": 0,
			"min_numwidth": 2,
			"align": "center",
			"color":"#FF9F18",
			"display_opa":"100"
		},
		{
			"widget": "array",
			"type": "week",
			"x": 279,
			"y": 91,
			"w": 124,
			"h": 20,
			"count": 7,
			"array_img": "Week"
		},
		{
			"widget": "text",
			"type": "day",
			"x": 306,
			"y": 67,
			"w": 24,
			"h": 20,
			"fontnum": 10,
			"font": "Day",
			"enable_font": 0,
			"min_numwidth": 2,
			"align": "center"
		},
		{
			"widget": "array",
			"type": "month",
			"x": 334,
			"y": 67,
			"w": 42,
			"h": 20,
			"count": 12,
			"array_img": "Month"
		},
		{
			"widget": "icon",
			"type": "sport",
			"serial_number" : 35,
			"x": 81,
			"y": 49,
			"w": 80,
			"h": 80,
			"enable_click":1,
			"picture": "Workout_8888.png",
			"color":"#FF9F18",
			"display_opa":"100"
		},
		{
			"widget": "icon",
			"type": "steplist",
			"serial_number" : 42,
			"x": 17,
			"y": 153,
			"w": 80,
			"h": 80,
			"picture": "Steps_8888.png",
			"color":"#FF9F18",
			"display_opa":"100"
		},
		{
			"widget": "text",
			"type": "step",
			"serial_number" : 20,
			"x": 22,
			"y": 193,
			"w": 70,
			"h": 20,
			"fontnum": 10,
			"font": "Step",
			"min_numwidth": 1,
			"enable_font": 0,
			"align": "center",
			"color":"#FF9F18",
			"display_opa":"100"
		}
		
	],
	"fade_item": [
		{
			"widget": "text",
			"type": "hour",
			"x": 193,
			"y": 137,
			"w": 224,
			"h": 136,
			"fontnum": 10,
			"font": "Time",
			"enable_font": 0,
			"min_numwidth": 2,
			"align": "center"
		},
		{
			"widget": "text",
			"type": "min",
			"x": 153,
			"y": 298,
			"w": 224,
			"h": 136,
			"fontnum": 10,
			"font": "Time",
			"enable_font": 0,
			"min_numwidth": 2,
			"align": "center"
		}
	]
}
