﻿{
	"frame_version": 6,
	"dial_version": 4,
	"name": "cwr03g_ykzn02",
	"preview":"preview_0565.bmp",
	"dial_type": 6,
	"resolution_ratio": "466x466",
	"platform": "ats3085s",
	"size": 160,
	"describe_name":"Future Rhythm",
	"enable_pic_compress": 0,
	"app_preview": "app_preview.png",
	"item": [
		{
			"widget": "icon",
			"type": "background",
			"x": 0,
			"y": 0,
			"w": 466,
			"h": 466,
			"picture": "background_0565.bmp"
		},
		{
			"widget": "chart",
			"type": "step",
			"serial_number": 18,
			"x": 114,
			"y": 33,
			"w": 238,
			"h": 36,
			"count":48,
			"chart_area":[0,0,3,36],
			"fgcolor":"#80FFB2",
			"bgcolor":"#010101",
			"color": "#80FFB2"
		},
		{
			"widget": "text",
			"type": "step",
			"x": 134,
			"y": 79,
			"w": 80,
			"h": 24,
			"font": "data",
			"fontnum": 10,
			"min_numwidth": 1,
			"align": "left"
		},	
		{
			"widget": "array",
			"type": "weather",
			"x": 292,
			"y": 88,
			"w": 32,
			"h": 32,
			"count": 48,
			"array_img": "weather"
		},
		{
			"widget": "text",
			"type": "weather",
			"x": 330,
			"y": 92,
			"w": 88,
			"h": 24,
			"font": "data",
			"unit_count":12,
			"unit_data":11,
			"fontnum": 14,
			"align": "center"
		},
		{
			"widget": "array",
			"type": "week",
			"x": 218,
			"y": 128,
			"w": 64,
			"h": 32,
			"count": 7,
			"array_img": "week"
		},
		{
			"widget": "text",
			"type": "date",
			"x": 295,
			"y": 132,
			"w": 76,
			"h": 24,
			"font": "data",
			"fontnum": 11,
			"unit_count": 10,
			"min_numwidth": 2,
			"align": "center"
		},
		{
			"widget": "array",
			"type": "apm",
			"x": 386,
			"y": 135,
			"w": 38,
			"h": 20,
			"count": 3,
			"array_img": "apm"
		},
		{
			"widget": "text",
			"type": "hour",
			"x": 216,
			"y": 195,
			"w": 112,
			"h": 80,
			"fontnum": 10,
			"font": "time",
			"color": "#B1B1B1",
			"min_numwidth": 2
		},
		{
			"widget": "text",
			"type": "min",
			"serial_number": 5,
			"x": 328,
			"y": 195,
			"w": 112,
			"h": 80,
			"fontnum": 10,
			"font": "time",
			"color": "#80FFB2",
			"min_numwidth": 2
		},
		{
			"widget": "text",
			"type": "calorie",
			"x": 252,
			"y": 311,
			"w": 64,
			"h": 24,
			"font": "data",
			"fontnum": 10,
			"min_numwidth": 1,
			"align": "left"
		},	
		{
			"widget": "text",
			"type": "walk",
			"x": 367,
			"y": 311,
			"w": 32,
			"h": 24,
			"fontnum": 10,
			"font": "data",
			"min_numwidth": 1,
			"align":"center"
		},
		{
			"widget": "icon",
			"type": "other",
			"x": 399,
			"y": 311,
			"w": 16,
			"h": 24,
			"picture": "h_8888.png"
		},
		{
			"widget": "text",
			"type": "altitude",
			"x": 92,
			"y": 350,
			"w": 80,
			"h": 24,
			"font": "data",
			"unit_data":11,
			"fontnum": 12,
			"align": "center"
		},
		{
			"widget": "array",
			"type": "altitude_unit",
			"x": 172,
			"y": 350,
			"w": 24,
			"h": 24,
			"count": 2,
			"array_img": "altitude_unit"
		},
		{
			"widget": "array",
			"type": "batarray",
			"serial_number": 45,
			"x": 81,
			"y": 358,
			"w": 336,
			"h": 104,
			"count": 11,
			"color":"#80FFB2",
			"array_img": "battery"
		},
		{
			"widget": "text",
			"type": "battery",
			"x": 250,
			"y": 388,
			"w": 72,
			"h": 24,
			"font": "data",
			"fontnum": 15,
			"unit_count":14,
			"min_numwidth": 1,
			"align": "left"
		},
		{
			"widget": "array",
			"type": "heart",
			"serial_number": 21,
			"x": 10,
			"y": 144,
			"w": 176,
			"h": 164,
			"count": 6,
			"color":"#80FFB2",
			"array_img": "heart_array"
		},
		{
			"widget": "text",
			"type": "heart",
			"x": 68,
			"y": 203,
			"w": 60,
			"h": 36,
			"font": "heart",
			"unit_count":10,
			"fontnum": 11,
			"align": "center"
		},
		{
			"widget": "icon",
			"type": "other",
			"x": 78,
			"y": 244,
			"w": 40,
			"h": 28,
			"picture": "bpm_8888.png"
		}	
	],
	"fade_item": [
		{
			"widget": "text",
			"type": "hour",
			"x": 216,
			"y": 195,
			"w": 112,
			"h": 80,
			"fontnum": 10,
			"font": "Fade_Time",
			"min_numwidth": 2
		},
		{
			"widget": "text",
			"type": "min",
			"x": 328,
			"y": 195,
			"w": 112,
			"h": 80,
			"fontnum": 10,
			"font": "Fade_Time",
			"min_numwidth": 2
		}
	]
}
