{
  "item": [
    {
      "name": "altitude_unit",
      "format": "png"
    },
    {
      "name": "apm",
      "format": "png"
    },
    {
      "name": "battery",
      "format": "png"
    },
    {
      "name": "data",
      "format": "png"
    },
    {
      "name": "heart",
      "format": "png"
    },
    {
      "name": "heart_array",
      "format": "png"
    },
    {
      "name": "time",
      "format": "png"
    },
    {
      "name": "weather",
      "format": "png"
    },
    {
      "name": "week",
      "format": "png"
    }
  ],
"fade_item": [
  {
    "name": "Fade/Time",
    "format": "png"
  }
 
]
}
