{"frame_version":1,"dial_version":1,"name":"Fun_061211_05_2","dial_type":6,"resolution_ratio":"466x466","platform":"ats3085c","size":112,"describe_name":"Dynamic 1","preview":"preview_0565.bmp","item":[{"widget":"text","type":"hour","serial_number":4,"x":65,"y":105,"w":224,"h":128,"fontnum":10,"font":"Time","color":"#FF4127","enable_font":0,"min_numwidth":2,"align":"center"},{"widget":"text","type":"min","serial_number":5,"x":65,"y":249,"w":224,"h":128,"fontnum":10,"font":"Time","enable_font":0,"min_numwidth":2,"color":"#FF4127","display_opa":60,"align":"center"},{"widget":"text","type":"day","serial_number":3,"x":181,"y":33,"w":36,"h":24,"fontnum":10,"font":"Day","enable_font":0,"min_numwidth":2,"color":"#FF4127","display_opa":60,"align":"center"},{"widget":"array","type":"week","serial_number":11,"x":159,"y":61,"w":148,"h":24,"count":7,"color":"#FF4127","array_img":"Week"},{"widget":"array","type":"month","serial_number":2,"x":221,"y":33,"w":64,"h":24,"count":12,"color":"#FF4127","display_opa":60,"array_img":"Month"},{"widget":"icon","type":"heart","serial_number":21,"x":321,"y":109,"w":80,"h":80,"enable_click":1,"color":"#FF4127","picture":"HeartRate_8888.png"},{"widget":"icon","type":"sport","serial_number":35,"x":321,"y":201,"w":80,"h":80,"enable_click":1,"color":"#FF4127","picture":"Workout_8888.png"},{"widget":"icon","type":"calling","serial_number":33,"x":321,"y":301,"w":80,"h":80,"enable_click":1,"color":"#FF4127","picture":"Call_8888.png"},{"widget":"array","type":"batarray","serial_number":15,"x":148,"y":409,"w":171,"h":24,"count":11,"color":"#FF4127","array_img":"Charge"}],"fade_item":[{"widget":"text","type":"hour","serial_number":4,"x":65,"y":105,"w":224,"h":128,"fontnum":10,"font":"Fade_Time","enable_font":0,"min_numwidth":2,"color":"#FF4127","align":"center"},{"widget":"text","type":"min","serial_number":5,"x":65,"y":249,"w":224,"h":128,"fontnum":10,"font":"Fade_Time","enable_font":0,"min_numwidth":2,"color":"#FF4127","display_opa":60,"align":"center"}]}