{"frame_version":1,"dial_version":1,"name":"Fun061101_03","dial_type":6,"resolution_ratio":"466x466","platform":"ats3085c","size":224,"describe_name":"MoveMate","preview":"preview_0565.bmp","item":[{"widget":"icon","type":"background","serial_number":30,"x":0,"y":0,"w":466,"h":466,"picture":"BG_White_8888.png"},{"widget":"text","type":"hour","serial_number":4,"x":68,"y":48,"w":176,"h":120,"fontnum":10,"font":"Hours","enable_font":0,"min_numwidth":2,"color":"#010101","align":"center"},{"widget":"text","type":"min","serial_number":5,"x":256,"y":48,"w":120,"h":80,"fontnum":10,"font":"Min","enable_font":0,"min_numwidth":2,"color":"#010101","display_opa":80,"align":"center"},{"widget":"text","type":"date","serial_number":12,"x":256,"y":140,"w":66,"h":24,"fontnum":11,"font":"Date","enable_font":0,"min_numwidth":2,"color":"#010101","display_opa":80,"align":"center"},{"widget":"array","type":"week","serial_number":11,"x":330,"y":140,"w":54,"h":24,"count":7,"color":"#010101","display_opa":80,"array_img":"Week"},{"widget":"icon","type":"other","serial_number":39,"x":32,"y":192,"w":400,"h":112,"picture":"step_bg_8888.png","color":"#010101"},{"widget":"icon","type":"other","serial_number":39,"x":56,"y":208,"w":48,"h":48,"picture":"Data_Step_icon_8888.png","color":"#010101"},{"widget":"text","type":"step","serial_number":18,"x":112,"y":216,"w":144,"h":40,"fontnum":11,"font":"Data","enable_font":0,"min_numwidth":1,"color":"#010101","unit_count":10,"align":"left"},{"widget":"array","type":"step","serial_number":18,"x":56,"y":272,"w":352,"h":12,"count":11,"color":"#010101","array_img":"Progress"},{"widget":"icon","type":"heart","serial_number":21,"x":64,"y":320,"w":96,"h":96,"enable_click":1,"color":"#010101","picture":"Icon_HeartRate_8888.png"},{"widget":"icon","type":"sport","serial_number":35,"x":184,"y":352,"w":96,"h":96,"enable_click":1,"color":"#010101","picture":"Icon_Workout_8888.png"},{"widget":"icon","type":"sleep","serial_number":38,"x":304,"y":320,"w":96,"h":96,"enable_click":1,"color":"#010101","picture":"Icon_Sleep_8888.png"}],"fade_item":[{"widget":"text","type":"hour","serial_number":4,"x":68,"y":172,"w":176,"h":120,"fontnum":10,"font":"Fade_Hours","enable_font":0,"min_numwidth":2,"align":"center"},{"widget":"text","type":"min","serial_number":5,"x":256,"y":172,"w":120,"h":80,"fontnum":10,"font":"Fade_Min","enable_font":0,"min_numwidth":2,"display_opa":60,"align":"center"},{"widget":"text","type":"date","serial_number":12,"x":256,"y":264,"w":66,"h":24,"fontnum":11,"font":"Fade_Date","enable_font":0,"min_numwidth":5,"display_opa":60,"align":"center"},{"widget":"array","type":"week","serial_number":11,"x":330,"y":264,"w":54,"h":24,"count":7,"display_opa":60,"array_img":"Fade_Week"}]}