{
	"frame_version": 1,
	"dial_version": 1,
	"name": "Col06_1206_03",
	"preview": "preview_0565.bmp",
	"dial_type": 1,
	"resolution_ratio": "466x466",
	"platform": "ats3085c",
	"size": 158,
	"describe_name":"Collision03",
	"enable_pic_compress": 0,
	"app_preview": "app_preview.png",
	"item": [
		{
			"widget": "icon",
			"type": "background",
			"x": 0,
			"y": 0,
			"w": 466,
			"h": 466,
			"picture": "background_0565.bmp"
		},
		{
			"widget": "array",
			"type": "week",
			"x": 143,
			"y": 49,
			"w": 108,
			"h": 38,
			"count": 7,
			"array_img": "Week",
			"enable_font": 0,
			"align": "center"
		},
		{
			"widget": "text",
			"type": "day",
			"x": 259,
			"y": 49,
			"w": 64,
			"h": 38,
			"fontnum": 10,
			"font": "day",
			"enable_font": 0,
			"min_numwidth": 2,
			"align": "center"
		},
        {
			"widget": "text",
			"type": "time",
			"x": 98,
			"y": 95,
			"w": 270,
			"h": 76,
			"fontnum": 11,
			"unit_count": 10,
			"font": "time",
			"enable_font": 0,
			"min_numwidth": 5,
			"align": "center"
		}
	],
	"fade_item": [
		{
			"widget": "array",
			"type": "week",
			"x": 143,
			"y": 49,
			"w": 108,
			"h": 38,
			"count": 7,
			"array_img": "Fade_Week",
			"enable_font": 0,
			"align": "center"
		},
		{
			"widget": "text",
			"type": "day",
			"x": 259,
			"y": 49,
			"w": 64,
			"h": 38,
			"fontnum": 10,
			"font": "Fade_Date",
			"enable_font": 0,
			"min_numwidth": 2,
			"align": "center"
		},
        {
			"widget": "text",
			"type": "time",
			"x": 98,
			"y": 95,
			"w": 270,
			"h": 76,
			"fontnum": 11,
			"unit_count": 10,
			"font": "Fade_Time",
			"enable_font": 0,
			"min_numwidth": 5,
			"align": "center"
		}
	]
}
